part	measure	position	file	line	column
Cantus	1	0	editions/vox-in-rama/music/voices.ily	14	16
Cantus	1	3/2	editions/vox-in-rama/music/voices.ily	14	22
Cantus	2	0	editions/vox-in-rama/music/voices.ily	14	26
Cantus	2	1	editions/vox-in-rama/music/voices.ily	14	31
Cantus	4	0	editions/vox-in-rama/music/voices.ily	14	43
Cantus	4	3/2	editions/vox-in-rama/music/voices.ily	14	49
Cantus	5	0	editions/vox-in-rama/music/voices.ily	14	53
Cantus	5	1	editions/vox-in-rama/music/voices.ily	14	58
Cantus	5	3/2	editions/vox-in-rama/music/voices.ily	14	63
Cantus	6	0	editions/vox-in-rama/music/voices.ily	14	68
Cantus	6	1	editions/vox-in-rama/music/voices.ily	14	72
Cantus	6	7/4	editions/vox-in-rama/music/voices.ily	14	77
Cantus	7	0	editions/vox-in-rama/music/voices.ily	14	81
Cantus	7	1/2	editions/vox-in-rama/music/voices.ily	14	86
Cantus	7	3/4	editions/vox-in-rama/music/voices.ily	14	90
Cantus	7	1	editions/vox-in-rama/music/voices.ily	14	94
Cantus	8	3/2	editions/vox-in-rama/music/voices.ily	14	102
Cantus	9	1/2	editions/vox-in-rama/music/voices.ily	14	107
Cantus	9	1	editions/vox-in-rama/music/voices.ily	14	111
Cantus	10	0	editions/vox-in-rama/music/voices.ily	14	116
Cantus	10	1/2	editions/vox-in-rama/music/voices.ily	14	120
Cantus	10	5/4	editions/vox-in-rama/music/voices.ily	14	126
Cantus	10	11/8	editions/vox-in-rama/music/voices.ily	14	130
Cantus	10	3/2	editions/vox-in-rama/music/voices.ily	14	134
Cantus	11	0	editions/vox-in-rama/music/voices.ily	14	138
Cantus	11	1/2	editions/vox-in-rama/music/voices.ily	14	143
Cantus	11	1	editions/vox-in-rama/music/voices.ily	14	148
Cantus	11	3/2	editions/vox-in-rama/music/voices.ily	14	153
Cantus	12	0	editions/vox-in-rama/music/voices.ily	14	158
Cantus	12	1/2	editions/vox-in-rama/music/voices.ily	14	163
Cantus	12	1	editions/vox-in-rama/music/voices.ily	14	168
Cantus	12	3/2	editions/vox-in-rama/music/voices.ily	14	173
Cantus	13	0	editions/vox-in-rama/music/voices.ily	14	178
Cantus	13	1/2	editions/vox-in-rama/music/voices.ily	14	183
Cantus	13	1	editions/vox-in-rama/music/voices.ily	14	188
Cantus	14	0	editions/vox-in-rama/music/voices.ily	14	193
Cantus	14	1/2	editions/vox-in-rama/music/voices.ily	14	198
Cantus	14	1	editions/vox-in-rama/music/voices.ily	14	203
Cantus	15	1/2	editions/vox-in-rama/music/voices.ily	14	209
Cantus	15	1	editions/vox-in-rama/music/voices.ily	14	213
Cantus	16	0	editions/vox-in-rama/music/voices.ily	14	219
Cantus	17	3/2	editions/vox-in-rama/music/voices.ily	14	232
Cantus	18	0	editions/vox-in-rama/music/voices.ily	14	237
Cantus	18	1	editions/vox-in-rama/music/voices.ily	14	242
Cantus	18	3/2	editions/vox-in-rama/music/voices.ily	14	249
Cantus	19	0	editions/vox-in-rama/music/voices.ily	14	254
Cantus	19	1	editions/vox-in-rama/music/voices.ily	14	259
Cantus	19	3/2	editions/vox-in-rama/music/voices.ily	14	264
Cantus	20	1/4	editions/vox-in-rama/music/voices.ily	14	270
Cantus	20	3/8	editions/vox-in-rama/music/voices.ily	14	275
Cantus	20	1/2	editions/vox-in-rama/music/voices.ily	14	280
Cantus	20	1	editions/vox-in-rama/music/voices.ily	14	285
Cantus	21	3/2	editions/vox-in-rama/music/voices.ily	14	294
Cantus	22	1/2	editions/vox-in-rama/music/voices.ily	14	299
Cantus	22	3/2	editions/vox-in-rama/music/voices.ily	14	304
Cantus	23	0	editions/vox-in-rama/music/voices.ily	14	310
Cantus	23	1/2	editions/vox-in-rama/music/voices.ily	14	314
Cantus	23	3/2	editions/vox-in-rama/music/voices.ily	14	319
Cantus	24	0	editions/vox-in-rama/music/voices.ily	14	324
Cantus	24	1/2	editions/vox-in-rama/music/voices.ily	14	329
Cantus	24	1	editions/vox-in-rama/music/voices.ily	14	334
Cantus	24	3/2	editions/vox-in-rama/music/voices.ily	14	338
Cantus	25	1/4	editions/vox-in-rama/music/voices.ily	14	344
Cantus	25	1/2	editions/vox-in-rama/music/voices.ily	14	349
Cantus	25	1	editions/vox-in-rama/music/voices.ily	14	354
Cantus	26	0	editions/vox-in-rama/music/voices.ily	14	359
Cantus	26	1/2	editions/vox-in-rama/music/voices.ily	14	363
Cantus	26	5/4	editions/vox-in-rama/music/voices.ily	14	369
Cantus	26	3/2	editions/vox-in-rama/music/voices.ily	14	374
Cantus	27	1/2	editions/vox-in-rama/music/voices.ily	14	379
Cantus	27	5/4	editions/vox-in-rama/music/voices.ily	14	385
Cantus	27	11/8	editions/vox-in-rama/music/voices.ily	14	392
Cantus	27	3/2	editions/vox-in-rama/music/voices.ily	14	396
Cantus	27	7/4	editions/vox-in-rama/music/voices.ily	14	403
Cantus	27	15/8	editions/vox-in-rama/music/voices.ily	14	407
Cantus	28	0	editions/vox-in-rama/music/voices.ily	14	414
Cantus	28	1	editions/vox-in-rama/music/voices.ily	14	419
Cantus	29	1/2	editions/vox-in-rama/music/voices.ily	14	426
Cantus	29	1	editions/vox-in-rama/music/voices.ily	14	430
Cantus	29	7/4	editions/vox-in-rama/music/voices.ily	14	436
Cantus	30	0	editions/vox-in-rama/music/voices.ily	14	441
Cantus	30	1/2	editions/vox-in-rama/music/voices.ily	14	448
Cantus	30	5/4	editions/vox-in-rama/music/voices.ily	14	454
Cantus	30	3/2	editions/vox-in-rama/music/voices.ily	14	459
Cantus	30	7/4	editions/vox-in-rama/music/voices.ily	14	464
Cantus	31	0	editions/vox-in-rama/music/voices.ily	14	469
Cantus	31	1/2	editions/vox-in-rama/music/voices.ily	14	474
Cantus	31	1	editions/vox-in-rama/music/voices.ily	14	479
Cantus	32	0	editions/vox-in-rama/music/voices.ily	14	484
Cantus	33	1/2	editions/vox-in-rama/music/voices.ily	14	493
Cantus	33	1	editions/vox-in-rama/music/voices.ily	14	498
Cantus	33	7/4	editions/vox-in-rama/music/voices.ily	14	504
Cantus	34	0	editions/vox-in-rama/music/voices.ily	14	509
Cantus	34	1/2	editions/vox-in-rama/music/voices.ily	14	516
Cantus	34	5/4	editions/vox-in-rama/music/voices.ily	14	522
Cantus	34	3/2	editions/vox-in-rama/music/voices.ily	14	527
Cantus	34	7/4	editions/vox-in-rama/music/voices.ily	14	532
Cantus	34	15/8	editions/vox-in-rama/music/voices.ily	14	537
Cantus	35	0	editions/vox-in-rama/music/voices.ily	14	542
Cantus	35	1/2	editions/vox-in-rama/music/voices.ily	14	547
Cantus	35	1	editions/vox-in-rama/music/voices.ily	14	552
Cantus	35	3/2	editions/vox-in-rama/music/voices.ily	14	557
Cantus	35	7/4	editions/vox-in-rama/music/voices.ily	14	562
Cantus	36	0	editions/vox-in-rama/music/voices.ily	14	567
Cantus	36	1/4	editions/vox-in-rama/music/voices.ily	14	572
Cantus	36	1/2	editions/vox-in-rama/music/voices.ily	14	577
Cantus	36	3/4	editions/vox-in-rama/music/voices.ily	14	581
Cantus	36	7/8	editions/vox-in-rama/music/voices.ily	14	585
Cantus	36	1	editions/vox-in-rama/music/voices.ily	14	589
Cantus	37	3/2	editions/vox-in-rama/music/voices.ily	14	601
Cantus	38	0	editions/vox-in-rama/music/voices.ily	14	606
Cantus	38	3/4	editions/vox-in-rama/music/voices.ily	14	612
Cantus	38	1	editions/vox-in-rama/music/voices.ily	14	617
Cantus	38	3/2	editions/vox-in-rama/music/voices.ily	14	622
Cantus	39	1/4	editions/vox-in-rama/music/voices.ily	14	628
Cantus	39	1/2	editions/vox-in-rama/music/voices.ily	14	633
Cantus	39	1	editions/vox-in-rama/music/voices.ily	14	638
Cantus	40	0	editions/vox-in-rama/music/voices.ily	14	642
Cantus	40	1/2	editions/vox-in-rama/music/voices.ily	14	647
Cantus	40	3/2	editions/vox-in-rama/music/voices.ily	14	652
Cantus	41	0	editions/vox-in-rama/music/voices.ily	14	657
Cantus	41	1	editions/vox-in-rama/music/voices.ily	14	662
Cantus	41	3/2	editions/vox-in-rama/music/voices.ily	14	666
Cantus	42	1/2	editions/vox-in-rama/music/voices.ily	14	671
Cantus	42	3/4	editions/vox-in-rama/music/voices.ily	14	676
Cantus	42	1	editions/vox-in-rama/music/voices.ily	14	681
Cantus	42	5/4	editions/vox-in-rama/music/voices.ily	14	686
Cantus	42	3/2	editions/vox-in-rama/music/voices.ily	14	691
Cantus	43	1/2	editions/vox-in-rama/music/voices.ily	14	696
Cantus	43	3/4	editions/vox-in-rama/music/voices.ily	14	701
Cantus	43	1	editions/vox-in-rama/music/voices.ily	14	708
Cantus	43	5/4	editions/vox-in-rama/music/voices.ily	14	713
Cantus	43	3/2	editions/vox-in-rama/music/voices.ily	14	717
Cantus	44	1/4	editions/vox-in-rama/music/voices.ily	14	723
Cantus	44	1/2	editions/vox-in-rama/music/voices.ily	14	728
Cantus	44	3/4	editions/vox-in-rama/music/voices.ily	14	733
Cantus	44	1	editions/vox-in-rama/music/voices.ily	14	738
Cantus	45	0	editions/vox-in-rama/music/voices.ily	14	743
Altus	3	0	editions/vox-in-rama/music/voices.ily	15	23
Altus	3	3/2	editions/vox-in-rama/music/voices.ily	15	29
Altus	4	0	editions/vox-in-rama/music/voices.ily	15	33
Altus	4	1	editions/vox-in-rama/music/voices.ily	15	38
Altus	5	1/2	editions/vox-in-rama/music/voices.ily	15	43
Altus	5	1	editions/vox-in-rama/music/voices.ily	15	47
Altus	5	3/2	editions/vox-in-rama/music/voices.ily	15	53
Altus	6	1/4	editions/vox-in-rama/music/voices.ily	15	58
Altus	6	3/8	editions/vox-in-rama/music/voices.ily	15	64
Altus	6	1/2	editions/vox-in-rama/music/voices.ily	15	70
Altus	6	1	editions/vox-in-rama/music/voices.ily	15	76
Altus	7	3/2	editions/vox-in-rama/music/voices.ily	15	84
Altus	8	1/2	editions/vox-in-rama/music/voices.ily	15	89
Altus	8	1	editions/vox-in-rama/music/voices.ily	15	93
Altus	8	3/2	editions/vox-in-rama/music/voices.ily	15	98
Altus	9	0	editions/vox-in-rama/music/voices.ily	15	102
Altus	9	3/4	editions/vox-in-rama/music/voices.ily	15	108
Altus	9	1	editions/vox-in-rama/music/voices.ily	15	113
Altus	9	5/4	editions/vox-in-rama/music/voices.ily	15	118
Altus	9	3/2	editions/vox-in-rama/music/voices.ily	15	123
Altus	10	1/4	editions/vox-in-rama/music/voices.ily	15	129
Altus	10	1/2	editions/vox-in-rama/music/voices.ily	15	134
Altus	10	3/4	editions/vox-in-rama/music/voices.ily	15	139
Altus	10	7/8	editions/vox-in-rama/music/voices.ily	15	144
Altus	10	1	editions/vox-in-rama/music/voices.ily	15	149
Altus	10	3/2	editions/vox-in-rama/music/voices.ily	15	154
Altus	11	0	editions/vox-in-rama/music/voices.ily	15	159
Altus	11	1/2	editions/vox-in-rama/music/voices.ily	15	164
Altus	11	3/4	editions/vox-in-rama/music/voices.ily	15	169
Altus	11	5/4	editions/vox-in-rama/music/voices.ily	15	174
Altus	11	11/8	editions/vox-in-rama/music/voices.ily	15	178
Altus	11	3/2	editions/vox-in-rama/music/voices.ily	15	182
Altus	12	0	editions/vox-in-rama/music/voices.ily	15	186
Altus	12	1/2	editions/vox-in-rama/music/voices.ily	15	191
Altus	12	1	editions/vox-in-rama/music/voices.ily	15	196
Altus	12	5/4	editions/vox-in-rama/music/voices.ily	15	201
Altus	12	7/4	editions/vox-in-rama/music/voices.ily	15	206
Altus	13	0	editions/vox-in-rama/music/voices.ily	15	210
Altus	13	1/2	editions/vox-in-rama/music/voices.ily	15	215
Altus	13	1	editions/vox-in-rama/music/voices.ily	15	220
Altus	14	0	editions/vox-in-rama/music/voices.ily	15	224
Altus	14	3/2	editions/vox-in-rama/music/voices.ily	15	229
Altus	15	0	editions/vox-in-rama/music/voices.ily	15	233
Altus	15	1	editions/vox-in-rama/music/voices.ily	15	237
Altus	15	3/2	editions/vox-in-rama/music/voices.ily	15	243
Altus	16	1/2	editions/vox-in-rama/music/voices.ily	15	247
Altus	16	3/2	editions/vox-in-rama/music/voices.ily	15	251
Altus	16	7/4	editions/vox-in-rama/music/voices.ily	15	255
Altus	17	0	editions/vox-in-rama/music/voices.ily	15	259
Altus	17	1/2	editions/vox-in-rama/music/voices.ily	15	263
Altus	17	5/4	editions/vox-in-rama/music/voices.ily	15	268
Altus	17	3/2	editions/vox-in-rama/music/voices.ily	15	272
Altus	17	7/4	editions/vox-in-rama/music/voices.ily	15	277
Altus	18	0	editions/vox-in-rama/music/voices.ily	15	282
Altus	18	1/2	editions/vox-in-rama/music/voices.ily	15	287
Altus	18	1	editions/vox-in-rama/music/voices.ily	15	292
Altus	18	3/2	editions/vox-in-rama/music/voices.ily	15	296
Altus	19	1/2	editions/vox-in-rama/music/voices.ily	15	301
Altus	19	1	editions/vox-in-rama/music/voices.ily	15	306
Altus	19	3/2	editions/vox-in-rama/music/voices.ily	15	310
Altus	20	0	editions/vox-in-rama/music/voices.ily	15	314
Altus	20	3/4	editions/vox-in-rama/music/voices.ily	15	319
Altus	20	1	editions/vox-in-rama/music/voices.ily	15	323
Altus	20	3/2	editions/vox-in-rama/music/voices.ily	15	328
Altus	20	7/4	editions/vox-in-rama/music/voices.ily	15	332
Altus	21	0	editions/vox-in-rama/music/voices.ily	15	336
Altus	21	1/2	editions/vox-in-rama/music/voices.ily	15	340
Altus	21	3/2	editions/vox-in-rama/music/voices.ily	15	347
Altus	22	1/2	editions/vox-in-rama/music/voices.ily	15	351
Altus	22	1	editions/vox-in-rama/music/voices.ily	15	357
Altus	23	0	editions/vox-in-rama/music/voices.ily	15	361
Altus	23	1/2	editions/vox-in-rama/music/voices.ily	15	365
Altus	23	3/2	editions/vox-in-rama/music/voices.ily	15	370
Altus	24	0	editions/vox-in-rama/music/voices.ily	15	375
Altus	24	1	editions/vox-in-rama/music/voices.ily	15	379
Altus	24	3/2	editions/vox-in-rama/music/voices.ily	15	383
Altus	25	1/4	editions/vox-in-rama/music/voices.ily	15	388
Altus	25	1/2	editions/vox-in-rama/music/voices.ily	15	392
Altus	25	1	editions/vox-in-rama/music/voices.ily	15	396
Altus	26	0	editions/vox-in-rama/music/voices.ily	15	400
Altus	26	1/2	editions/vox-in-rama/music/voices.ily	15	404
Altus	26	5/4	editions/vox-in-rama/music/voices.ily	15	409
Altus	26	3/2	editions/vox-in-rama/music/voices.ily	15	413
Altus	27	0	editions/vox-in-rama/music/voices.ily	15	417
Altus	28	0	editions/vox-in-rama/music/voices.ily	15	426
Altus	28	1/2	editions/vox-in-rama/music/voices.ily	15	430
Altus	28	1	editions/vox-in-rama/music/voices.ily	15	434
Altus	28	7/4	editions/vox-in-rama/music/voices.ily	15	439
Altus	29	0	editions/vox-in-rama/music/voices.ily	15	443
Altus	29	1/2	editions/vox-in-rama/music/voices.ily	15	447
Altus	29	5/4	editions/vox-in-rama/music/voices.ily	15	452
Altus	29	3/2	editions/vox-in-rama/music/voices.ily	15	456
Altus	29	7/4	editions/vox-in-rama/music/voices.ily	15	460
Altus	30	0	editions/vox-in-rama/music/voices.ily	15	464
Altus	30	1/2	editions/vox-in-rama/music/voices.ily	15	468
Altus	30	1	editions/vox-in-rama/music/voices.ily	15	472
Altus	31	0	editions/vox-in-rama/music/voices.ily	15	476
Altus	31	3/2	editions/vox-in-rama/music/voices.ily	15	483
Altus	32	0	editions/vox-in-rama/music/voices.ily	15	487
Altus	32	3/4	editions/vox-in-rama/music/voices.ily	15	492
Altus	32	1	editions/vox-in-rama/music/voices.ily	15	496
Altus	32	3/2	editions/vox-in-rama/music/voices.ily	15	502
Altus	32	7/4	editions/vox-in-rama/music/voices.ily	15	506
Altus	33	0	editions/vox-in-rama/music/voices.ily	15	510
Altus	33	1/4	editions/vox-in-rama/music/voices.ily	15	516
Altus	33	1/2	editions/vox-in-rama/music/voices.ily	15	520
Altus	33	1	editions/vox-in-rama/music/voices.ily	15	524
Altus	33	3/2	editions/vox-in-rama/music/voices.ily	15	528
Altus	34	0	editions/vox-in-rama/music/voices.ily	15	532
Altus	35	1/2	editions/vox-in-rama/music/voices.ily	15	544
Altus	35	1	editions/vox-in-rama/music/voices.ily	15	548
Altus	35	7/4	editions/vox-in-rama/music/voices.ily	15	554
Altus	36	0	editions/vox-in-rama/music/voices.ily	15	559
Altus	36	1/2	editions/vox-in-rama/music/voices.ily	15	563
Altus	36	5/4	editions/vox-in-rama/music/voices.ily	15	569
Altus	36	3/2	editions/vox-in-rama/music/voices.ily	15	574
Altus	37	0	editions/vox-in-rama/music/voices.ily	15	578
Altus	37	1/2	editions/vox-in-rama/music/voices.ily	15	583
Altus	37	3/4	editions/vox-in-rama/music/voices.ily	15	587
Altus	37	1	editions/vox-in-rama/music/voices.ily	15	591
Altus	37	3/2	editions/vox-in-rama/music/voices.ily	15	595
Altus	38	0	editions/vox-in-rama/music/voices.ily	15	599
Altus	38	1/2	editions/vox-in-rama/music/voices.ily	15	604
Altus	38	1	editions/vox-in-rama/music/voices.ily	15	609
Altus	38	3/2	editions/vox-in-rama/music/voices.ily	15	614
Altus	39	1/4	editions/vox-in-rama/music/voices.ily	15	620
Altus	39	1/2	editions/vox-in-rama/music/voices.ily	15	624
Altus	39	5/4	editions/vox-in-rama/music/voices.ily	15	629
Altus	39	11/8	editions/vox-in-rama/music/voices.ily	15	635
Altus	39	3/2	editions/vox-in-rama/music/voices.ily	15	641
Altus	40	0	editions/vox-in-rama/music/voices.ily	15	647
Altus	40	1/2	editions/vox-in-rama/music/voices.ily	15	651
Altus	40	3/2	editions/vox-in-rama/music/voices.ily	15	656
Altus	41	0	editions/vox-in-rama/music/voices.ily	15	660
Altus	41	1	editions/vox-in-rama/music/voices.ily	15	664
Altus	41	3/2	editions/vox-in-rama/music/voices.ily	15	668
Altus	42	1/2	editions/vox-in-rama/music/voices.ily	15	673
Altus	42	3/4	editions/vox-in-rama/music/voices.ily	15	678
Altus	42	1	editions/vox-in-rama/music/voices.ily	15	682
Altus	42	5/4	editions/vox-in-rama/music/voices.ily	15	686
Altus	42	3/2	editions/vox-in-rama/music/voices.ily	15	690
Altus	43	0	editions/vox-in-rama/music/voices.ily	15	695
Altus	43	3/2	editions/vox-in-rama/music/voices.ily	15	700
Altus	44	1/4	editions/vox-in-rama/music/voices.ily	15	706
Altus	44	1/2	editions/vox-in-rama/music/voices.ily	15	711
Altus	44	3/4	editions/vox-in-rama/music/voices.ily	15	716
Altus	44	1	editions/vox-in-rama/music/voices.ily	15	723
Altus	44	5/4	editions/vox-in-rama/music/voices.ily	15	728
Altus	44	3/2	editions/vox-in-rama/music/voices.ily	15	732
Altus	45	1/2	editions/vox-in-rama/music/voices.ily	15	737
Altus	45	3/4	editions/vox-in-rama/music/voices.ily	15	744
Altus	45	1	editions/vox-in-rama/music/voices.ily	15	748
Tenor	3	1	editions/vox-in-rama/music/voices.ily	17	26
Tenor	4	1/2	editions/vox-in-rama/music/voices.ily	17	31
Tenor	4	1	editions/vox-in-rama/music/voices.ily	17	35
Tenor	5	1/2	editions/vox-in-rama/music/voices.ily	17	40
Tenor	5	1	editions/vox-in-rama/music/voices.ily	17	44
Tenor	6	1/2	editions/vox-in-rama/music/voices.ily	17	49
Tenor	6	1	editions/vox-in-rama/music/voices.ily	17	53
Tenor	6	5/4	editions/vox-in-rama/music/voices.ily	17	56
Tenor	6	3/2	editions/vox-in-rama/music/voices.ily	17	59
Tenor	6	7/4	editions/vox-in-rama/music/voices.ily	17	63
Tenor	7	0	editions/vox-in-rama/music/voices.ily	17	67
Tenor	7	1/4	editions/vox-in-rama/music/voices.ily	17	71
Tenor	7	1/2	editions/vox-in-rama/music/voices.ily	17	77
Tenor	7	3/2	editions/vox-in-rama/music/voices.ily	17	81
Tenor	7	7/4	editions/vox-in-rama/music/voices.ily	17	84
Tenor	8	0	editions/vox-in-rama/music/voices.ily	17	87
Tenor	8	1/4	editions/vox-in-rama/music/voices.ily	17	90
Tenor	8	1/2	editions/vox-in-rama/music/voices.ily	17	94
Tenor	8	3/4	editions/vox-in-rama/music/voices.ily	17	98
Tenor	8	5/4	editions/vox-in-rama/music/voices.ily	17	106
Tenor	8	11/8	editions/vox-in-rama/music/voices.ily	17	116
Tenor	8	3/2	editions/vox-in-rama/music/voices.ily	17	122
Tenor	9	0	editions/vox-in-rama/music/voices.ily	17	128
Tenor	9	1/2	editions/vox-in-rama/music/voices.ily	17	132
Tenor	9	1	editions/vox-in-rama/music/voices.ily	17	136
Tenor	9	3/2	editions/vox-in-rama/music/voices.ily	17	140
Tenor	10	0	editions/vox-in-rama/music/voices.ily	17	144
Tenor	10	1/2	editions/vox-in-rama/music/voices.ily	17	148
Tenor	10	5/4	editions/vox-in-rama/music/voices.ily	17	153
Tenor	10	3/2	editions/vox-in-rama/music/voices.ily	17	157
Tenor	11	0	editions/vox-in-rama/music/voices.ily	17	161
Tenor	11	3/4	editions/vox-in-rama/music/voices.ily	17	168
Tenor	11	1	editions/vox-in-rama/music/voices.ily	17	172
Tenor	11	3/2	editions/vox-in-rama/music/voices.ily	17	176
Tenor	12	0	editions/vox-in-rama/music/voices.ily	17	180
Tenor	13	3/2	editions/vox-in-rama/music/voices.ily	17	195
Tenor	14	0	editions/vox-in-rama/music/voices.ily	17	199
Tenor	14	1	editions/vox-in-rama/music/voices.ily	17	203
Tenor	14	3/2	editions/vox-in-rama/music/voices.ily	17	207
Tenor	15	0	editions/vox-in-rama/music/voices.ily	17	214
Tenor	15	1	editions/vox-in-rama/music/voices.ily	17	218
Tenor	16	0	editions/vox-in-rama/music/voices.ily	17	224
Tenor	16	3/4	editions/vox-in-rama/music/voices.ily	17	229
Tenor	16	7/8	editions/vox-in-rama/music/voices.ily	17	233
Tenor	16	1	editions/vox-in-rama/music/voices.ily	17	236
Tenor	16	5/4	editions/vox-in-rama/music/voices.ily	17	239
Tenor	16	3/2	editions/vox-in-rama/music/voices.ily	17	242
Tenor	17	0	editions/vox-in-rama/music/voices.ily	17	249
Tenor	17	1	editions/vox-in-rama/music/voices.ily	17	252
Tenor	17	7/4	editions/vox-in-rama/music/voices.ily	17	266
Tenor	17	15/8	editions/vox-in-rama/music/voices.ily	17	269
Tenor	18	0	editions/vox-in-rama/music/voices.ily	17	272
Tenor	18	1/2	editions/vox-in-rama/music/voices.ily	17	275
Tenor	18	1	editions/vox-in-rama/music/voices.ily	17	281
Tenor	19	1/2	editions/vox-in-rama/music/voices.ily	17	288
Tenor	19	3/2	editions/vox-in-rama/music/voices.ily	17	292
Tenor	20	0	editions/vox-in-rama/music/voices.ily	17	296
Tenor	20	1	editions/vox-in-rama/music/voices.ily	17	300
Tenor	21	1/2	editions/vox-in-rama/music/voices.ily	17	305
Tenor	21	1	editions/vox-in-rama/music/voices.ily	17	308
Tenor	22	0	editions/vox-in-rama/music/voices.ily	17	311
Tenor	22	1	editions/vox-in-rama/music/voices.ily	17	315
Tenor	23	1/2	editions/vox-in-rama/music/voices.ily	17	320
Tenor	23	3/2	editions/vox-in-rama/music/voices.ily	17	324
Tenor	24	0	editions/vox-in-rama/music/voices.ily	17	328
Tenor	24	1/2	editions/vox-in-rama/music/voices.ily	17	332
Tenor	24	1	editions/vox-in-rama/music/voices.ily	17	336
Tenor	24	3/2	editions/vox-in-rama/music/voices.ily	17	340
Tenor	25	1/4	editions/vox-in-rama/music/voices.ily	17	344
Tenor	25	1/2	editions/vox-in-rama/music/voices.ily	17	347
Tenor	25	5/4	editions/vox-in-rama/music/voices.ily	17	352
Tenor	25	11/8	editions/vox-in-rama/music/voices.ily	17	358
Tenor	25	3/2	editions/vox-in-rama/music/voices.ily	17	365
Tenor	26	0	editions/vox-in-rama/music/voices.ily	17	371
Tenor	26	1/2	editions/vox-in-rama/music/voices.ily	17	375
Tenor	26	5/4	editions/vox-in-rama/music/voices.ily	17	380
Tenor	26	3/2	editions/vox-in-rama/music/voices.ily	17	384
Tenor	27	0	editions/vox-in-rama/music/voices.ily	17	391
Tenor	27	1	editions/vox-in-rama/music/voices.ily	17	395
Tenor	28	0	editions/vox-in-rama/music/voices.ily	17	401
Tenor	28	1/2	editions/vox-in-rama/music/voices.ily	17	405
Tenor	28	1	editions/vox-in-rama/music/voices.ily	17	408
Tenor	28	7/4	editions/vox-in-rama/music/voices.ily	17	413
Tenor	29	0	editions/vox-in-rama/music/voices.ily	17	417
Tenor	29	1/2	editions/vox-in-rama/music/voices.ily	17	423
Tenor	29	5/4	editions/vox-in-rama/music/voices.ily	17	428
Tenor	29	3/2	editions/vox-in-rama/music/voices.ily	17	432
Tenor	29	7/4	editions/vox-in-rama/music/voices.ily	17	436
Tenor	30	0	editions/vox-in-rama/music/voices.ily	17	440
Tenor	30	1/2	editions/vox-in-rama/music/voices.ily	17	444
Tenor	30	3/2	editions/vox-in-rama/music/voices.ily	17	448
Tenor	31	1/4	editions/vox-in-rama/music/voices.ily	17	453
Tenor	31	3/8	editions/vox-in-rama/music/voices.ily	17	459
Tenor	31	1/2	editions/vox-in-rama/music/voices.ily	17	466
Tenor	31	1	editions/vox-in-rama/music/voices.ily	17	472
Tenor	33	0	editions/vox-in-rama/music/voices.ily	17	484
Tenor	33	1/2	editions/vox-in-rama/music/voices.ily	17	487
Tenor	33	5/4	editions/vox-in-rama/music/voices.ily	17	492
Tenor	33	3/2	editions/vox-in-rama/music/voices.ily	17	496
Tenor	34	0	editions/vox-in-rama/music/voices.ily	17	502
Tenor	34	1/2	editions/vox-in-rama/music/voices.ily	17	506
Tenor	34	1	editions/vox-in-rama/music/voices.ily	17	510
Tenor	35	0	editions/vox-in-rama/music/voices.ily	17	514
Tenor	35	3/2	editions/vox-in-rama/music/voices.ily	17	521
Tenor	36	0	editions/vox-in-rama/music/voices.ily	17	525
Tenor	36	3/4	editions/vox-in-rama/music/voices.ily	17	530
Tenor	36	1	editions/vox-in-rama/music/voices.ily	17	534
Tenor	36	3/2	editions/vox-in-rama/music/voices.ily	17	540
Tenor	37	0	editions/vox-in-rama/music/voices.ily	17	544
Tenor	37	1/2	editions/vox-in-rama/music/voices.ily	17	548
Tenor	37	3/4	editions/vox-in-rama/music/voices.ily	17	552
Tenor	37	1	editions/vox-in-rama/music/voices.ily	17	556
Tenor	37	3/2	editions/vox-in-rama/music/voices.ily	17	559
Tenor	38	0	editions/vox-in-rama/music/voices.ily	17	563
Tenor	38	3/4	editions/vox-in-rama/music/voices.ily	17	567
Tenor	38	1	editions/vox-in-rama/music/voices.ily	17	570
Tenor	38	3/2	editions/vox-in-rama/music/voices.ily	17	573
Tenor	39	0	editions/vox-in-rama/music/voices.ily	17	577
Tenor	39	1/2	editions/vox-in-rama/music/voices.ily	17	580
Tenor	39	1	editions/vox-in-rama/music/voices.ily	17	583
Tenor	39	3/2	editions/vox-in-rama/music/voices.ily	17	586
Tenor	40	0	editions/vox-in-rama/music/voices.ily	17	590
Tenor	40	1/4	editions/vox-in-rama/music/voices.ily	17	594
Tenor	40	1/2	editions/vox-in-rama/music/voices.ily	17	598
Tenor	40	3/4	editions/vox-in-rama/music/voices.ily	17	602
Tenor	40	1	editions/vox-in-rama/music/voices.ily	17	605
Tenor	40	3/2	editions/vox-in-rama/music/voices.ily	17	608
Tenor	41	1/2	editions/vox-in-rama/music/voices.ily	17	612
Tenor	41	1	editions/vox-in-rama/music/voices.ily	17	616
Tenor	41	7/4	editions/vox-in-rama/music/voices.ily	17	621
Tenor	42	0	editions/vox-in-rama/music/voices.ily	17	625
Tenor	42	3/2	editions/vox-in-rama/music/voices.ily	17	630
Tenor	43	0	editions/vox-in-rama/music/voices.ily	17	634
Tenor	43	3/2	editions/vox-in-rama/music/voices.ily	17	639
Tenor	44	0	editions/vox-in-rama/music/voices.ily	17	643
Tenor	44	3/4	editions/vox-in-rama/music/voices.ily	17	648
Tenor	44	1	editions/vox-in-rama/music/voices.ily	17	652
Tenor	45	0	editions/vox-in-rama/music/voices.ily	17	656
Bassus	6	1	editions/vox-in-rama/music/voices.ily	18	41
Bassus	7	1/2	editions/vox-in-rama/music/voices.ily	18	45
Bassus	7	1	editions/vox-in-rama/music/voices.ily	18	48
Bassus	8	1/2	editions/vox-in-rama/music/voices.ily	18	52
Bassus	8	1	editions/vox-in-rama/music/voices.ily	18	55
Bassus	9	1/2	editions/vox-in-rama/music/voices.ily	18	61
Bassus	9	3/2	editions/vox-in-rama/music/voices.ily	18	64
Bassus	10	0	editions/vox-in-rama/music/voices.ily	18	67
Bassus	11	0	editions/vox-in-rama/music/voices.ily	18	75
Bassus	12	1/2	editions/vox-in-rama/music/voices.ily	18	82
Bassus	12	1	editions/vox-in-rama/music/voices.ily	18	85
Bassus	12	3/2	editions/vox-in-rama/music/voices.ily	18	88
Bassus	13	0	editions/vox-in-rama/music/voices.ily	18	91
Bassus	16	3/2	editions/vox-in-rama/music/voices.ily	18	113
Bassus	17	0	editions/vox-in-rama/music/voices.ily	18	116
Bassus	17	1	editions/vox-in-rama/music/voices.ily	18	119
Bassus	17	3/2	editions/vox-in-rama/music/voices.ily	18	124
Bassus	18	0	editions/vox-in-rama/music/voices.ily	18	127
Bassus	18	1/2	editions/vox-in-rama/music/voices.ily	18	130
Bassus	18	1	editions/vox-in-rama/music/voices.ily	18	133
Bassus	19	0	editions/vox-in-rama/music/voices.ily	18	136
Bassus	20	3/2	editions/vox-in-rama/music/voices.ily	18	150
Bassus	21	1/2	editions/vox-in-rama/music/voices.ily	18	153
Bassus	21	1	editions/vox-in-rama/music/voices.ily	18	158
Bassus	22	0	editions/vox-in-rama/music/voices.ily	18	161
Bassus	22	1	editions/vox-in-rama/music/voices.ily	18	164
Bassus	23	1/2	editions/vox-in-rama/music/voices.ily	18	170
Bassus	23	3/2	editions/vox-in-rama/music/voices.ily	18	173
Bassus	24	0	editions/vox-in-rama/music/voices.ily	18	176
Bassus	24	1	editions/vox-in-rama/music/voices.ily	18	179
Bassus	24	3/2	editions/vox-in-rama/music/voices.ily	18	182
Bassus	25	1/4	editions/vox-in-rama/music/voices.ily	18	186
Bassus	25	1/2	editions/vox-in-rama/music/voices.ily	18	189
Bassus	25	1	editions/vox-in-rama/music/voices.ily	18	192
Bassus	26	0	editions/vox-in-rama/music/voices.ily	18	195
Bassus	26	1/2	editions/vox-in-rama/music/voices.ily	18	198
Bassus	26	5/4	editions/vox-in-rama/music/voices.ily	18	202
Bassus	26	3/2	editions/vox-in-rama/music/voices.ily	18	205
Bassus	27	0	editions/vox-in-rama/music/voices.ily	18	210
Bassus	27	1/4	editions/vox-in-rama/music/voices.ily	18	213
Bassus	27	1/2	editions/vox-in-rama/music/voices.ily	18	216
Bassus	27	3/4	editions/vox-in-rama/music/voices.ily	18	219
Bassus	27	7/8	editions/vox-in-rama/music/voices.ily	18	222
Bassus	27	1	editions/vox-in-rama/music/voices.ily	18	225
Bassus	28	0	editions/vox-in-rama/music/voices.ily	18	228
Bassus	30	3/2	editions/vox-in-rama/music/voices.ily	18	248
Bassus	31	0	editions/vox-in-rama/music/voices.ily	18	251
Bassus	31	3/4	editions/vox-in-rama/music/voices.ily	18	255
Bassus	31	1	editions/vox-in-rama/music/voices.ily	18	258
Bassus	31	3/2	editions/vox-in-rama/music/voices.ily	18	263
Bassus	32	1/4	editions/vox-in-rama/music/voices.ily	18	267
Bassus	32	1/2	editions/vox-in-rama/music/voices.ily	18	270
Bassus	32	3/4	editions/vox-in-rama/music/voices.ily	18	275
Bassus	32	1	editions/vox-in-rama/music/voices.ily	18	278
Bassus	32	5/4	editions/vox-in-rama/music/voices.ily	18	281
Bassus	32	3/2	editions/vox-in-rama/music/voices.ily	18	284
Bassus	33	1/2	editions/vox-in-rama/music/voices.ily	18	287
Bassus	33	1	editions/vox-in-rama/music/voices.ily	18	290
Bassus	34	0	editions/vox-in-rama/music/voices.ily	18	293
Bassus	34	1/2	editions/vox-in-rama/music/voices.ily	18	296
Bassus	34	1	editions/vox-in-rama/music/voices.ily	18	299
Bassus	34	7/4	editions/vox-in-rama/music/voices.ily	18	304
Bassus	35	0	editions/vox-in-rama/music/voices.ily	18	308
Bassus	35	1/2	editions/vox-in-rama/music/voices.ily	18	311
Bassus	35	1	editions/vox-in-rama/music/voices.ily	18	315
Bassus	35	3/2	editions/vox-in-rama/music/voices.ily	18	318
Bassus	36	0	editions/vox-in-rama/music/voices.ily	18	321
Bassus	36	3/2	editions/vox-in-rama/music/voices.ily	18	327
Bassus	37	0	editions/vox-in-rama/music/voices.ily	18	330
Bassus	37	3/4	editions/vox-in-rama/music/voices.ily	18	334
Bassus	37	1	editions/vox-in-rama/music/voices.ily	18	337
Bassus	37	3/2	editions/vox-in-rama/music/voices.ily	18	342
Bassus	38	0	editions/vox-in-rama/music/voices.ily	18	345
Bassus	38	1	editions/vox-in-rama/music/voices.ily	18	348
Bassus	40	0	editions/vox-in-rama/music/voices.ily	18	357
Bassus	40	3/2	editions/vox-in-rama/music/voices.ily	18	364
Bassus	41	1/2	editions/vox-in-rama/music/voices.ily	18	367
Bassus	41	1	editions/vox-in-rama/music/voices.ily	18	370
Bassus	42	0	editions/vox-in-rama/music/voices.ily	18	373
Bassus	42	1/2	editions/vox-in-rama/music/voices.ily	18	376
Bassus	42	3/2	editions/vox-in-rama/music/voices.ily	18	379
Bassus	43	0	editions/vox-in-rama/music/voices.ily	18	382
Bassus	45	0	editions/vox-in-rama/music/voices.ily	18	390
